Rank,Company Name,Website,City/Location,Segment,What They Make,Revenue Band,Decision-Maker (Name | Title | Background),C1 Manufacturer,C1 Evidence,C2 India,C2 Evidence,C3 Differentiated,C3 Evidence,C4 Technical DM,C4 Evidence,C5 Growing Sector,C5 Evidence,C6 Growth Signals,C6 Evidence,Federer Score,Band,Verdict,Personalization Hook
1,Amogen Pharma,amogenpharma.com,"Genome Valley, Hyderabad",Specialty biotech (recombinant peptides) / Complex APIs,"Recombinant peptide APIs (semaglutide, GLP-1 analogues, insulin biosimilars) made via microbial fermentation — salt-free, high-purity",Rs.30-100Cr,Manpreet Singh | CEO | Ex-Dr Reddy's API & peptide R&D leader,Strong,"Plant 1 in Hyderabad — claims India's largest dedicated GLP-1 API facility (~980 Kg API capacity) with in-house fermentation",Strong,Hyderabad HQ and manufacturing,Strong,"Recombinant peptide API in microbial fermentation is rare globally; positioned as one of India's largest semaglutide API makers",Strong,"Founder team has deep API + biocatalysis + fermentation pedigree (ex-Dr Reddy's)",Strong,"GLP-1 boom (semaglutide off-patent in 2026 in many markets), peptide API tailwind, China+1 in biologics",Strong,"New 980Kg facility commissioned, active hiring, multiple recent press releases about GLP-1 capacity",96,A,Strong fit — textbook Federer in the hottest peptide segment of the decade,"India's largest dedicated GLP-1 API line at 980 Kg capacity — a bet on semaglutide that will look prescient when patents start cliffing"
2,Lazuline Biotech,lazulinebio.com,"Jubilee Hills / Genome Valley, Hyderabad",Specialty biotech (recombinant proteins),"Recombinant Human Serum Albumin (rAlblaz) and Recombinant Enterokinase (rEK) using Pichia pastoris expression",<Rs.30Cr,Prasad Kandimalla | Co-founder | Scientist-led,Moderate,"Production capability in GMP cell-culture lab (set up with BioNEST), small scale",Strong,"Hyderabad HQ",Strong,"Recombinant HSA in Pichia is rare globally — most biopharma still sources from China; rEK is a niche enzyme",Strong,"Scientist-founder with deep biotech background",Strong,"Biologics + biosimilars + China+1 in biopharma",Moderate,"Cell-culture lab expansion + active product launches but limited scale signals",80,A,"Strong fit with scale caveat — deep IP and rare global capability",One of the very few companies globally producing recombinant Human Serum Albumin in Pichia — a capability most biopharma firms still source from China
3,Unique Biotech,uniquebiotech.com,"Genome Valley, Hyderabad",Specialty biotech (probiotics),"Probiotic strains and formulations (Bacillus clausii, Lactobacillus, Bifidobacterium spp.) for pharma, nutraceutical and animal feed",Rs.300-500Cr,Dr. M. Ratna Sudha | Founder & MD | PhD Biotech (JNTU),Strong,"India's largest probiotic manufacturer; own fermentation facility in Genome Valley",Strong,Hyderabad HQ,Strong,"Patented probiotic strains, WHO-GMP, USFDA inspection-cleared, exports 50+ countries",Strong,"Founder is a PhD scientist; National Award for Entrepreneurship from MoMSME",Strong,"Probiotics is a structural growth segment; nutraceutical + animal feed tailwinds",Strong,"Active hiring on LinkedIn, recent capacity additions, regular press updates",95,A,"Strong fit — scientist-founder, rare in-house strain library, growing globally",Probiotic strain library and Pichia-style fermentation moat that places Unique among the very few Indian companies serving global pharma + animal-health customers from a single Genome Valley plant
4,Sanzyme Biologics,sanzymebiologics.com,"Banjara Hills, Hyderabad",Specialty biotech (precision fermentation / probiotics),"Spore-forming probiotic strains (Sporlac brand legacy), recombinant proteins, microbial metabolites via precision fermentation",Rs.100-300Cr,Surapaneni Sree Rama Koteswara Rao + Soman family | Promoter directors | Technical promoters,Strong,"In-house fermentation; legacy Sporlac strain that was first probiotic in India",Strong,Hyderabad HQ,Strong,"India's first probiotic manufacturer (1969 as Uni-Sankyo JV); proprietary strains; new precision fermentation arm (Sanzyme Biomolecules)",Strong,"Promoter family + scientist-led R&D",Strong,"Probiotics + precision fermentation + microbiome therapeutics tailwinds",Strong,"Just spun off Sanzyme Biomolecules to scale precision fermentation; active website, recent announcements",95,A,"Strong fit — promoter-driven, technical, expanding into precision fermentation",The 1969-vintage Sporlac maker just stood up Sanzyme Biomolecules — a precision-fermentation arm targeting recombinant proteins and rare microbial metabolites
5,Bhagiradha Chemicals & Industries,bhagirad.com,"Choutuppal / Hyderabad",Custom synthesis & specialty chemicals (agrochemical intermediates),"Agrochemical technical-grade actives and intermediates (herbicides, insecticides) — Choutuppal & Cheruvukommupalem plants",Rs.300-500Cr,Arvind Kumar Anegondi | Director & CEO | Engineering background; co-founder family,Strong,"Two own plants; in-house multi-step synthesis",Strong,Hyderabad HQ,Strong,"Founder was an ex-IICT scientist (late S. Koteswara Rao); custom-synthesis IP for global agrochem majors",Strong,"Founder IICT scientist; current CEO is a technocrat; gen-2 transition active",Strong,"China+1 in agrochem, PLI relevance, export-led growth",Strong,"Public statement: aim to triple turnover to ~Rs.1500Cr in 5 years; capacity expansion announced; FY25 revenue ~Rs.436-500Cr",92,A,"Strong fit — scientist-founder lineage, listed but promoter-led (~20% promoter holding, no PE control), aggressive growth plan. Note: Damani PMS holds <5%, not controlling.",IICT-scientist founder lineage and a publicly stated aim to triple revenue to Rs.1500Cr in five years through custom synthesis for global agrochem majors
6,Synergene Active Ingredients,synergeneapi.com,"Bollaram / Hyderabad",Custom synthesis & specialty chemicals + Complex APIs,"APIs and advanced intermediates across CVS, anti-diabetic, anti-infective therapy areas (3 manufacturing plants)",Rs.300-500Cr,N. Surya Prakash Rao | MD | M.Sc Organic Chemistry; 40+ yrs in API production,Strong,"3 own manufacturing facilities, in-house R&D",Strong,Hyderabad HQ + Telangana plants,Strong,"USFDA / EU approvals; multi-step asymmetric synthesis capability",Strong,"Founder is a chemistry technocrat (ex-production head, scaled up multiple APIs)",Strong,"Pharma intermediates + China+1 + US regulated markets",Strong,"FY25 revenue ~Rs.323Cr (vs Rs.231Cr FY23) — strong growth trajectory; capacity expansion in progress",92,A,"Strong fit — promoter-driven, technical chairman, fast-growing",FY25 revenue jumped to ~Rs.323Cr from Rs.231Cr two years ago — a custom-synthesis story powered by a 40-year veteran organic chemist
7,Sapala Organics,sapalaorganics.com,"Genome Valley, Hyderabad",Custom synthesis & specialty chemicals (nucleotides),"Modified nucleotides, nucleosides and phosphoramidite reagents for oligonucleotide therapeutics and personalized medicine",Rs.30-100Cr,Dr. Paidi Yella Reddy | Founder & CEO | PhD Organic Chemistry; ex-Japan researcher,Strong,"Own GMP plant in Genome Valley; in-house multistep synthesis of nucleotides",Strong,Hyderabad HQ,Strong,"One of very few Indian companies in oligonucleotide reagents — strong IP in modified nucleosides",Strong,"PhD founder + Japan-trained scientist team",Strong,"Oligonucleotide therapeutics (siRNA, antisense, CRISPR) is one of the fastest-growing biopharma segments",Moderate,"Active site, recent press, but FY25 revenue dipped vs FY24; expansion plans publicly stated",82,A,"Strong fit — scientist-founder, rare technical niche, sector tailwind. Caveat: revenue volatility.",Modified nucleotide chemistry built by a Japan-trained PhD founder — the kind of capability oligonucleotide CDMOs in the West would normally license rather than build
8,Vasudha Pharma Chem,vasudhapharma.com,"Vengalrao Nagar, Hyderabad (mfg: Vizag)",Complex APIs / Custom synthesis,"Active Pharmaceutical Ingredients across CVS, CNS, anti-diabetic; 2 manufacturing units (Hyderabad + Visakhapatnam)",>Rs.500Cr (caveat),M. V. Rama Raju | Chairman & MD | Post-grad Organic Chemistry; 41 years in API,Strong,"2 own units with multi-product API blocks",Strong,Hyderabad HQ,Strong,"USFDA / EDQM approvals; custom synthesis for innovator clients",Strong,"Promoter is a chemistry post-grad with 41 yrs operational experience",Strong,"Pharma export tailwinds, China+1",Strong,"FY25 revenue ~Rs.1,170Cr — growing fast",75,B,"Borderline-FIT — exceeds Rs.500Cr revenue ceiling. INCLUDED with explicit caveat: company is now scaling beyond ICP band but remains family-promoter-led. Useful as a 'graduating' reference.",Family-promoter-led API maker that crossed Rs.1,000Cr in FY25 while staying out of PE hands — a Federer story that has just outgrown the band
9,SMS Pharmaceuticals,smspharma.com,"Road No.5 Banjara Hills, Hyderabad",Complex APIs (regulated pharma),"45+ APIs across 13 therapeutic segments — anti-ulcerants, anti-fungals, anti-malarials, neutraceuticals; ~98% revenue from API",>Rs.500Cr (caveat),P. Ramesh Babu | Founder Promoter | Chemistry background; founded 1990,Strong,"Multiple own manufacturing facilities (Kandivalasa, Kazipally)",Strong,Hyderabad HQ,Strong,"USFDA + WHO-GMP + EDQM approvals on multiple APIs",Strong,"Promoter founder + chemistry-led management",Strong,"China+1 in API",Strong,"FY25 revenue ~Rs.789Cr; capacity expansion ongoing",75,B,"Borderline-FIT — exceeds Rs.500Cr ceiling. Included as a 'graduating' Federer for benchmark reference.",Founder-led API maker that crossed Rs.789Cr in FY25 by staying focused on ranitidine-class chemistries the rest of the world quietly stopped making
10,Promea Therapeutics,promea.in,"Hyderabad / Sangareddy",Specialty diagnostics & medical devices,"In-vitro diagnostic reagents and medical devices — 'Made in Telangana, Made for the world'",Rs.30-100Cr,Founder-promoter team | Technical management,Strong,"Own manufacturing in Telangana Medical Devices Park",Strong,Hyderabad / Telangana,Strong,"IVD platform with own R&D + regulatory approvals",Moderate,"Promoter-led, technical management (limited public bios — researched further)",Strong,"IVD + Make-in-India medical devices PLI",Strong,"FY25 revenue ~Rs.88Cr (vs Rs.65Cr FY24) — 35% growth",80,A,Strong fit — fast-growing IVD manufacturer with Telangana state visibility,FY25 revenue grew ~35% to Rs.88Cr while building India's IVD export capability — exactly the kind of mid-size manufacturer the Medical Devices Park was designed to incubate
11,Saptagir Camphor,saptagirlabs.com,"Hyderabad (Sangareddy plant)",Performance chemicals / Specialty chemicals,"Synthetic camphor (largest in India), isoborneol, dipentene, camphene, terpene intermediates",>Rs.500Cr (caveat),M.V.S. Murthy + family | Promoter directors | Technical promoter,Strong,"20,000 MT installed capacity, expanding to 30,000 MT — own integrated plant",Strong,Hyderabad / Telangana HQ,Strong,"Largest synthetic camphor maker in India; WHO-GMP certified; pharma-grade",Strong,"Promoter family with chemistry-process pedigree",Strong,"Aroma chemicals + agarbatti + pharma + FMCG tailwinds",Strong,"Capacity expansion to 30,000 MT announced; FY25 revenue ~Rs.524Cr; exports to 50+ countries",75,B,"Borderline-FIT — Rs.524Cr just over ceiling. INCLUDED with caveat: family-owned, growing, founder-driven.",Capacity expanding from 20,000 MT to 30,000 MT — and India's only WHO-GMP-grade synthetic camphor line at scale
12,K N Biosciences,knbiosciences.in,"Hyderabad",Hybrid seeds & specialty agri-inputs,"Biofertilizers (Trichoderma, Pseudomonas, mycorrhiza), biopesticides, plant growth promoters, tissue-culture banana",Rs.30-100Cr,P. Sudha Reddy | Founder & MD | M.Sc Biochemistry; pioneered tissue culture in 1997,Strong,"Own production facility for microbial inoculants + tissue culture lab since 1997",Strong,Hyderabad HQ,Strong,"One of the earliest Indian companies in microbial agri-inputs; broad portfolio with proprietary strains",Strong,"Scientist-founder (M.Sc Biochem); 28-year operating history",Strong,"Bio-agri tailwind, government push for organic + biological inputs, PM-PRANAM",Moderate,"Active website + product launches; signals modest but consistent",75,B,Strong fit with B-band rating — scientist-founder + bio-agri tailwind,A 1997-vintage tissue-culture lab that quietly evolved into one of South India's deepest microbial agri-input portfolios — built and still run by a woman scientist-founder
13,Varsha Bioscience and Technology,varshabioscience.com,"Hyderabad",Hybrid seeds & specialty agri-inputs,"Biopesticides, biofertilizers, plant growth promoters; eco-friendly residue-free agri inputs",Rs.30-100Cr,Dr. A. John Peter | Promoter & Technical Director | Ex-ICRISAT + NARDI scientist,Strong,"Own production facility; in-house R&D",Strong,Hyderabad HQ,Strong,"Scientist-led; published research history; broad bio-input range",Strong,"Founder is ex-ICRISAT scientist with funded research history",Strong,"Bio-agri tailwind, residue-free farming push",Strong,"FY revenue Rs.10-25Cr range with 56% YoY revenue growth (Tofler) — fast-growing for size",80,A,"Strong fit — ex-ICRISAT scientist founder + sector tailwind + 56% revenue growth signal",ICRISAT-trained scientist running a residue-free bio-input company that doubled revenue last year — exactly the profile of a Federer at the smaller end of the band
14,Pariksha Biotech,parikshabio.com,"Hyderabad",Specialty diagnostics & life-science tools,"In-Vitro Diagnostic reagents and medical devices",<Rs.30Cr,Promoter-director team | Technical management,Strong,"Own manufacturing in Hyderabad",Strong,Hyderabad HQ,Strong,"IVD reagent maker with regulatory approvals; export presence",Moderate,"Founder-led; details on technical depth limited (research further before outreach)",Strong,"IVD growth + Make-in-India medical devices",Moderate,"Active site, hiring posts, but small scale; FY23 revenue ~Rs.9.5Cr",65,B,"Fit — early-stage IVD manufacturer, scientist-led",Hyderabad-based IVD reagent maker still under Rs.10Cr — the early-stage Federer where a Dedicated Team protocol can shape how the second product launches
15,Botanic Healthcare,botanichealthcare.net,"Hyderabad",Specialty food & nutraceutical ingredients,"Standardized botanical extracts (Ashwamind, AbsoCurcumin, MenoSphora, BioPepper95) — branded nutraceutical ingredients",Rs.100-300Cr,Promoter team | Founded 2013,Strong,"Own NSF-GMP-certified manufacturing in Hyderabad",Strong,Hyderabad HQ,Strong,"Branded botanical IP (multiple TM-protected standardized extracts); NSF GMP; clinical study backing",Moderate,"Founders are technical promoters but less visible PhD/IIT pedigree publicly",Strong,"Nutraceuticals + functional ingredients tailwind globally",Strong,"Raised Rs.250Cr (~$30M) for global expansion in 2024; revenue jumped from Rs.50-60Cr to Rs.211Cr in FY23 (~3x)",85,A,"Strong fit — branded ingredient IP, fast-growing, recently funded but founder still at helm",Revenue tripled from Rs.60Cr to Rs.211Cr in two years and just closed Rs.250Cr to take Indian botanical IP global — branded ingredients are now an export story
16,JLS Laboratories (Jet Life Sciences),jlslabs.in,"Balanagar, Hyderabad",Custom synthesis & specialty chemicals,"API intermediates, specialty chemicals, fine chemicals, and impurities for innovator pharma",<Rs.30Cr,Pulipaka Mahadev | Founder & MD | 38 years pharma chemistry experience,Strong,"Own plant in Balanagar; multi-step synthesis",Strong,Hyderabad HQ,Strong,"Custom synthesis + impurity standards (niche)",Strong,"Founder with 38 years chemistry/pharma experience",Strong,"Custom synthesis + China+1",Moderate,"Active site, regular new product additions, modest scale",70,B,Fit — small founder-led custom synthesis specialist,A 38-year chemistry veteran running one of Hyderabad's quieter impurity-standard specialists — the kind of niche custom synthesis house Big Pharma R&D quietly relies on
17,Sreeni Labs,sreenilabs.com,"Hyderabad",Custom synthesis & specialty chemicals,"Custom synthesis of complex intermediates and APIs; process R&D services",<Rs.30Cr,Dr. Sreenivasa Reddy Mundla | Founder & MD | PhD Chemistry; ex-pharma,Strong,"Own R&D + pilot plant in Hyderabad",Strong,Hyderabad HQ,Strong,"Process R&D + complex multi-step synthesis (niche)",Strong,"PhD founder",Strong,"Custom synthesis + China+1",Moderate,"FY25 revenue ~Rs.14Cr (growing slowly); active site",75,B,Fit — PhD-founder custom synthesis house with process R&D depth,A PhD-led process R&D house punching above its weight on complex multi-step intermediates — the kind of company a CDMO partnership could 5x in 18 months
18,Sris Synthesis,srissynthesis.com,"Hyderabad",Custom synthesis & specialty chemicals,"Synthesis of organic intermediates and custom manufacturing for global pharma R&D",<Rs.30Cr,Promoter directors | Chemistry-led promoters,Strong,"Own facility in Hyderabad",Strong,Hyderabad HQ,Strong,"Custom synthesis specialist",Moderate,"Promoter-led; chemistry pedigree confirmed but bios sparse — research deeper",Strong,"Custom synthesis + global pharma R&D outsourcing",Moderate,"FY25 revenue Rs.14.2Cr; some growth signals",65,B,Fit — small founder-led specialist; verify technical DM bios in pre-call,A custom-synthesis shop that became a known name for global pharma discovery teams while staying under Rs.20Cr — the structural definition of a Federer
19,Synthochirals,synthochirals.com,"Mallapur IDA, Hyderabad",Custom synthesis & specialty chemicals (chiral),"Chiral intermediates and APIs via asymmetric synthesis; CDMO services since 2004",<Rs.30Cr,Promoter directors | Chemistry-led; 20+ years operating,Strong,"Own pilot drug production facility since 2004; multi-step capability",Strong,Hyderabad HQ,Strong,"Chiral / asymmetric synthesis capability is technically rare",Moderate,"Promoter-led; need to verify scientific DM background in pre-call",Strong,"Chiral chemistry + custom synthesis + China+1",Moderate,"Active site, ongoing product expansion",70,B,Fit — chiral specialist with 20-year history; verify management depth,A 20-year-old chiral synthesis house tucked into Mallapur IDA — asymmetric synthesis is the exact capability most Indian CDMOs still buy from China or Europe
20,Dr. Jagath Reddy's Heterocyclics,heterocyclics.com,"Himayatnagar, Hyderabad",Custom synthesis & specialty chemicals (heterocyclics),"Heterocyclic building blocks and pharma intermediates for global drug discovery programs",<Rs.30Cr,Dr. Jagath Reddy Gowravaram | Founder & CEO | PhD Organic Chemistry; 20+ years research career,Strong,"Own R&D + production for catalog and custom heterocycles",Strong,Hyderabad HQ,Strong,"Catalog of heterocyclic building blocks — sells globally to drug discovery teams",Strong,"PhD founder with academic research career",Strong,"Drug discovery building blocks + global pharma R&D outsourcing",Moderate,"Active catalog company; small scale but consistent",80,A,Strong fit — PhD-scientist founder + catalog IP + global pharma customers,A PhD-founder catalog house selling heterocyclic building blocks straight into global drug-discovery teams — a tiny but real example of Indian R&D-led specialty chemistry
21,Spiro Organics,spiroorganics.com,"Hyderabad",Custom synthesis & specialty chemicals (catalysts/ligands),"Phosphine ligands, chiral catalysts, asymmetric synthesis intermediates; commercialization of novel ligands",<Rs.30Cr,Dr. Chidipudi | Co-founder | PhD IIT (organic chemistry); 15+ yrs research,Strong,"Own R&D + pilot facility in Hyderabad",Strong,Hyderabad HQ,Strong,"Novel ligand and catalyst IP — extremely rare niche in India",Strong,"PhD IIT founder",Strong,"Catalysts + asymmetric synthesis tailwind",Moderate,"FY24 revenue ~Rs.41L (very small); R&D-heavy stage",75,B,"Fit — IIT PhD founder, deep niche IP, very early stage. Federer at the smaller end of band.",IIT PhD founder running one of India's only commercial-scale ligand and chiral-catalyst houses — a structural import-substitution play for Indian custom synthesis
22,Oncosimis Biotech,oncosimis.com,"IDA Uppal, Hyderabad",Specialty biotech (biotherapeutic proteins),"Biosimilars and recombinant therapeutic proteins via proprietary AcceTT and BacSec platforms",<Rs.30Cr,Sudarshan Reddy + Sridhar Kunchala | Co-founders | Technical promoters,Strong,"Own facility in IDA Uppal; production-grade fermentation",Strong,Hyderabad HQ,Strong,"Two proprietary platforms (AcceTT, BacSec) for protein expression",Strong,"Technical co-founders; scientist-led",Strong,"Biosimilars + biologics + China+1",Moderate,"~Rs.5M revenue, but funded; active product pipeline",78,B,Strong fit at small scale — scientist-founders + proprietary platforms,Two proprietary protein-expression platforms (AcceTT and BacSec) being commercialized out of IDA Uppal — the textbook 'differentiated specialty biotech' Federer at pre-scale
23,Sudarshan Biotech (formerly Sudershan Biotech),sudarshanbio.com,"Hyderabad",Specialty biotech (enzymes / industrial fermentation),"Industrial enzymes, pharma enzymes, fermentation-derived products",<Rs.30Cr,Promoter team | Founded 1999/2000,Strong,"Own production via fermentation",Strong,Hyderabad HQ,Strong,"Niche enzyme manufacturing; long operating history",Moderate,"Promoter-led; technical depth to verify in pre-call",Strong,"Enzymes + industrial biotech + China+1",Moderate,"Modest revenue, low growth signals visible — research further before active outreach",55,C,"Borderline — included with caveat. Verify recent activity and technical DM in pre-call before prioritizing.",One of Hyderabad's longest-running independent enzyme houses (1999) — worth a conversation about whether a structured execution layer can unlock dormant capacity
24,Vydehi BioSciences,vydehibio.com,"Hyderabad",Hybrid seeds & specialty agri-inputs,"Biofertilizers, biopesticides, biostimulants for soil and plant nutrition",<Rs.30Cr,Promoter-director team | Technical promoters,Strong,"Own manufacturing of microbial inoculants",Strong,Hyderabad HQ,Strong,"Biostimulant + biofertilizer + biopesticide portfolio",Moderate,"Promoter-led; verify scientific DM bios pre-call",Strong,"Bio-agri tailwind",Moderate,"Active site + product launches; small scale",65,B,Fit — bio-agri specialist at smaller end of band,A Hyderabad bio-input maker quietly building a residue-free portfolio while everyone else chased chemical formulations — first-mover positioning in a sector going structurally biological
25,Azoxy Laboratories,azoxylabs.com,"Hyderabad",Custom synthesis & specialty chemicals (impurities),"API intermediates, API impurity standards, custom synthesis, specialty chemicals",<Rs.30Cr,Srinivas Lingam | Promoter | Chemistry background,Strong,"Own R&D + pilot facility for impurity synthesis and custom requests",Strong,Hyderabad HQ,Strong,"API impurity standards is a niche regulatory-driven segment",Moderate,"Promoter-led; technical pedigree to verify in pre-call",Strong,"Regulated pharma impurity standards demand growing globally",Moderate,"Small scale but consistent; active product additions",62,B,Fit — niche regulatory-tailwind specialist; verify DM depth in pre-call,A small impurity-standards specialist serving regulated pharma — exactly the kind of quiet niche house where a structured Dedicated Team can multiply throughput without diluting science
